[
  {
    "_id": "59378790-2193-11e7-ba92-15c134783afc",
    "_type": "dashboard",
    "_source": {
      "title": "Server Metrics",
      "hits": 0,
      "description": "",
      "panelsJSON": "[{\"col\":1,\"id\":\"df5265f0-217c-11e7-8b27-f7c445e14731\",\"panelIndex\":2,\"row\":5,\"size_x\":12,\"size_y\":3,\"type\":\"visualization\"},{\"col\":1,\"id\":\"c8374df0-2199-11e7-9990-25033c5c3ab3\",\"panelIndex\":3,\"row\":8,\"size_x\":12,\"size_y\":3,\"type\":\"visualization\"},{\"col\":1,\"id\":\"73587a50-22db-11e7-b62d-0761520777a8\",\"panelIndex\":5,\"row\":1,\"size_x\":12,\"size_y\":2,\"type\":\"visualization\"},{\"col\":1,\"id\":\"37fc3da0-2454-11e7-bd34-111a8b427482\",\"panelIndex\":6,\"row\":3,\"size_x\":12,\"size_y\":2,\"type\":\"visualization\"}]",
      "optionsJSON": "{\"darkTheme\":true}",
      "uiStateJSON": "{}",
      "version": 1,
      "timeRestore": true,
      "timeTo": "2017-04-22T20:46:08.734Z",
      "timeFrom": "2017-03-24T01:58:51.018Z",
      "refreshInterval": {
        "display": "Off",
        "pause": false,
        "value": 0
      },
      "kibanaSavedObjectMeta": {
        "searchSourceJSON": "{\"filter\":[{\"query\":{\"query_string\":{\"query\":\"*\"}}}],\"highlightAll\":true,\"version\":true}"
      }
    }
  },
  {
    "_id": "df5265f0-217c-11e7-8b27-f7c445e14731",
    "_type": "visualization",
    "_source": {
      "title": "Total Requests (by application)",
      "visState": "{\"title\":\"Total Requests (by application)\",\"type\":\"metrics\",\"params\":{\"id\":\"7a51ec20-217c-11e7-8b27-f7c445e14731\",\"type\":\"timeseries\",\"series\":[{\"id\":\"7a51ec21-217c-11e7-8b27-f7c445e14731\",\"color\":\"rgba(174,161,255,1)\",\"split_mode\":\"terms\",\"metrics\":[{\"id\":\"7a51ec22-217c-11e7-8b27-f7c445e14731\",\"type\":\"sum\",\"field\":\"total\"}],\"seperate_axis\":0,\"axis_position\":\"right\",\"formatter\":\"number\",\"chart_type\":\"line\",\"line_width\":\"2.5\",\"point_size\":\"0\",\"fill\":\"0\",\"stacked\":\"none\",\"terms_field\":\"service\",\"split_color_mode\":\"gradient\"}],\"time_field\":\"@timestamp\",\"index_pattern\":\"server-*\",\"interval\":\"30m\",\"axis_position\":\"left\",\"axis_formatter\":\"number\",\"show_legend\":1,\"bar_color_rules\":[{\"id\":\"d9a6d600-25fe-11e7-b2ed-e1eaca00e622\"}],\"background_color_rules\":[{\"id\":\"da331070-25fe-11e7-b2ed-e1eaca00e622\"}],\"background_color\":null},\"aggs\":[],\"listeners\":{}}",
      "uiStateJSON": "{}",
      "description": "",
      "version": 1,
      "kibanaSavedObjectMeta": {
        "searchSourceJSON": "{\"query\":{\"query_string\":{\"query\":\"*\"}},\"filter\":[]}"
      }
    }
  },
  {
    "_id": "c8374df0-2199-11e7-9990-25033c5c3ab3",
    "_type": "visualization",
    "_source": {
      "title": "Average Response Time (per application)",
      "visState": "{\"title\":\"Average Response Time (per application)\",\"type\":\"metrics\",\"params\":{\"id\":\"7a51ec20-217c-11e7-8b27-f7c445e14731\",\"type\":\"timeseries\",\"series\":[{\"id\":\"7a51ec21-217c-11e7-8b27-f7c445e14731\",\"color\":\"rgba(253,161,255,1)\",\"split_mode\":\"terms\",\"metrics\":[{\"id\":\"7a51ec22-217c-11e7-8b27-f7c445e14731\",\"type\":\"avg\",\"field\":\"response\"}],\"seperate_axis\":0,\"axis_position\":\"right\",\"formatter\":\"'0.0000'\",\"chart_type\":\"line\",\"line_width\":\"2.5\",\"point_size\":\"0\",\"fill\":\"0\",\"stacked\":\"none\",\"terms_field\":\"service\",\"terms_order_by\":\"7a51ec22-217c-11e7-8b27-f7c445e14731\",\"terms_size\":\"10\"}],\"time_field\":\"@timestamp\",\"index_pattern\":\"server-*\",\"interval\":\"auto\",\"axis_position\":\"left\",\"axis_formatter\":\"number\",\"show_legend\":1,\"bar_color_rules\":[{\"id\":\"e4248cd0-218f-11e7-ba92-15c134783afc\"}],\"background_color_rules\":[{\"id\":\"f232b9a0-218f-11e7-ba92-15c134783afc\"}],\"gauge_color_rules\":[{\"id\":\"00736820-2190-11e7-ba92-15c134783afc\"}],\"gauge_width\":10,\"gauge_inner_width\":10,\"gauge_style\":\"half\"},\"aggs\":[],\"listeners\":{}}",
      "uiStateJSON": "{}",
      "description": "",
      "version": 1,
      "kibanaSavedObjectMeta": {
        "searchSourceJSON": "{\"query\":{\"query_string\":{\"query\":\"*\"}},\"filter\":[]}"
      }
    }
  },
  {
    "_id": "37fc3da0-2454-11e7-bd34-111a8b427482",
    "_type": "visualization",
    "_source": {
      "title": "Average Response vs. time",
      "visState": "{\"title\":\"Average Response vs. time\",\"type\":\"metrics\",\"params\":{\"id\":\"4b88acc0-22db-11e7-b62d-0761520777a8\",\"type\":\"timeseries\",\"series\":[{\"id\":\"ef46ce90-2453-11e7-bd34-111a8b427482\",\"color\":\"rgba(123,100,255,1)\",\"split_mode\":\"everything\",\"metrics\":[{\"id\":\"ef46ce91-2453-11e7-bd34-111a8b427482\",\"type\":\"avg\",\"field\":\"response\"}],\"seperate_axis\":1,\"axis_position\":\"left\",\"formatter\":\"number\",\"chart_type\":\"line\",\"line_width\":\"3\",\"point_size\":\"0\",\"fill\":\"0\",\"stacked\":\"none\",\"label\":\"Mean Response\"}],\"time_field\":\"@timestamp\",\"index_pattern\":\"server-*\",\"interval\":\"1h\",\"axis_position\":\"left\",\"axis_formatter\":\"number\",\"show_legend\":1,\"background_color_rules\":[{\"id\":\"93d17750-22db-11e7-b62d-0761520777a8\"}],\"axis_min\":\"17000\"},\"aggs\":[],\"listeners\":{}}",
      "uiStateJSON": "{}",
      "description": "",
      "version": 1,
      "kibanaSavedObjectMeta": {
        "searchSourceJSON": "{\"query\":{\"query_string\":{\"query\":\"*\"}},\"filter\":[]}"
      }
    }
  },
  {
    "_id": "73587a50-22db-11e7-b62d-0761520777a8",
    "_type": "visualization",
    "_source": {
      "title": "Total Request vs. time",
      "visState": "{\"title\":\"Total Request vs. time\",\"type\":\"metrics\",\"params\":{\"axis_formatter\":\"number\",\"axis_min\":\"\",\"axis_position\":\"left\",\"background_color_rules\":[{\"id\":\"93d17750-22db-11e7-b62d-0761520777a8\"}],\"id\":\"4b88acc0-22db-11e7-b62d-0761520777a8\",\"index_pattern\":\"server-*\",\"interval\":\"30m\",\"series\":[{\"axis_position\":\"right\",\"chart_type\":\"line\",\"color\":\"rgba(0,156,224,1)\",\"fill\":\"0\",\"formatter\":null,\"id\":\"4b88d3d0-22db-11e7-b62d-0761520777a8\",\"label\":\"Total requests\",\"line_width\":\"3\",\"metrics\":[{\"field\":\"total\",\"id\":\"4b88d3d1-22db-11e7-b62d-0761520777a8\",\"type\":\"sum\"}],\"point_size\":\"0\",\"seperate_axis\":0,\"split_color_mode\":\"gradient\",\"split_mode\":\"everything\",\"stacked\":\"none\"}],\"show_legend\":1,\"time_field\":\"@timestamp\",\"type\":\"timeseries\"},\"aggs\":[],\"listeners\":{}}",
      "uiStateJSON": "{}",
      "description": "",
      "version": 1,
      "kibanaSavedObjectMeta": {
        "searchSourceJSON": "{\"query\":{\"query_string\":{\"query\":\"*\"}},\"filter\":[]}"
      }
    }
  }
]